<?xml version="1.0" encoding="UTF-8"?>
<project-private xmlns="http://www.netbeans.org/ns/project-private/1">
    <editor-bookmarks xmlns="http://www.netbeans.org/ns/editor-bookmarks/2" lastBookmarkId="0"/>
    <open-files xmlns="http://www.netbeans.org/ns/projectui-open-files/2">
        <group>
            <file>file:/C:/Users/Shashank/Desktop/softablitz/Squiz/src/Squiz/SelectStudent.java</file>
            <file>file:/C:/Users/Shashank/Desktop/softablitz/Squiz/src/Squiz/AnswerTrue.java</file>
            <file>file:/C:/Users/Shashank/Desktop/softablitz/Squiz/src/Squiz/Rating.java</file>
            <file>file:/C:/Users/Shashank/Desktop/softablitz/Squiz/src/Squiz/AnswersStudent.java</file>
            <file>file:/C:/Users/Shashank/Desktop/softablitz/Squiz/src/Squiz/QuestionMultiple.java</file>
            <file>file:/C:/Users/Shashank/Desktop/softablitz/Squiz/src/Squiz/Leaderboard.java</file>
            <file>file:/C:/Users/Shashank/Desktop/softablitz/Squiz/src/Squiz/AnswerMultiple.java</file>
            <file>file:/C:/Users/Shashank/Desktop/softablitz/Squiz/src/Squiz/Question.java</file>
            <file>file:/C:/Users/Shashank/Desktop/softablitz/Squiz/src/Squiz/HOME.java</file>
            <file>file:/C:/Users/Shashank/Desktop/softablitz/Squiz/src/Squiz/StudentLogin.java</file>
            <file>file:/C:/Users/Shashank/Desktop/softablitz/Squiz/src/Squiz/sectionStudent.java</file>
        </group>
    </open-files>
</project-private>
